{
    "id": 62148,
    "kind": "PDF",
    "auditfirm_id": 6,
    "impact": "LOW",
    "finders_count": 4,
    "protocol_id": 3384,
    "title": "Events missing",
    "content": "## Security Issue Report\n\n**Severity:** Low Risk  \n**Context:** (No context files were provided by the reviewer)  \n\n## Description/Recommendation\n- **MiscModule.sol#L31:** Emitting `NumTicksToTryAtOnceUpdated` is missing in the `MiscModule.initialize`.\n- **BaseAMM.sol#L84:** Emitting `ImpliedRateObservationWindowUpdated` is missing.\n- **BaseAMM.sol#L83:** Emitting `FeeRateUpdated` is missing.\n- **BaseAMM.sol#L77-L81:** Emitting `AMMConfigUpdated` is missing.\n\n**Pendle Finance:** Fixed in commit `70fc6ac6`.  \n**Spearbit:** Fix verified.",
    "summary": "",
    "report_date": "2025-08-22T00:00:00.000Z",
    "contest_prize_txt": "",
    "contest_link": "https://github.com/spearbit/portfolio/blob/master/pdfs/Pendle-Spearbit-Security-Review-August-2025.pdf",
    "sponsor_name": null,
    "sponsor_link": "",
    "quality_score": 0,
    "general_score": 0,
    "source_link": "https://github.com/spearbit/portfolio/blob/master/pdfs/Pendle-Spearbit-Security-Review-August-2025.pdf",
    "github_link": "",
    "pdf_link": "https://solodit-bucket.s3.amazonaws.com/storage/reports/spearbit/Pendle-Spearbit-Security-Review-August-2025.pdf",
    "pdf_page_from": 14,
    "contest_id": "",
    "slug": "events-missing-spearbit-none-pendle-core-v3-pdf",
    "firm_name": "Spearbit",
    "firm_logo_square": "spearbit_square.png",
    "protocol_name": "Pendle Core v3",
    "bookmarked": false,
    "read": false,
    "issues_issue_finders": [
        {
            "wardens_warden": {
                "handle": "Saw-mon and Natalie"
            }
        },
        {
            "wardens_warden": {
                "handle": "Ethan"
            }
        },
        {
            "wardens_warden": {
                "handle": "Desmond Ho"
            }
        },
        {
            "wardens_warden": {
                "handle": "RustyRabbit"
            }
        }
    ],
    "auditfirms_auditfirm": {
        "name": "Spearbit",
        "logo_square": "spearbit_square.png"
    },
    "protocols_protocol": {
        "name": "Pendle Core v3",
        "protocols_protocolcategoryscore": []
    },
    "issues_issuetagscore": []
}