{
    "id": 62135,
    "kind": "PDF",
    "auditfirm_id": 6,
    "impact": "LOW",
    "finders_count": 4,
    "protocol_id": 3380,
    "title": "Multisig should have minimum threshold of one",
    "content": "## Vulnerability Report\n\n**Severity:** Low Risk  \n**Context:** UserOpMultiSigVerifier.sol#L35  \n**Description:** Setting threshold == 0 shouldn't be allowed as it makes it possible to pass in zero valid signatures and still pass the validation.  \n**Recommendation:** Consider requiring threshold > 0.  \n**Stackup:** Fixed in PR 42.  \n**Spearbit:** Fix verified.",
    "summary": "",
    "report_date": "2025-08-18T00:00:00.000Z",
    "contest_prize_txt": "",
    "contest_link": "https://github.com/spearbit/portfolio/blob/master/pdfs/Stackup-Spearbit-Security-Review-July-2025.pdf",
    "sponsor_name": null,
    "sponsor_link": "",
    "quality_score": 0,
    "general_score": 0,
    "source_link": "https://github.com/spearbit/portfolio/blob/master/pdfs/Stackup-Spearbit-Security-Review-July-2025.pdf",
    "github_link": "",
    "pdf_link": "https://solodit-bucket.s3.amazonaws.com/storage/reports/spearbit/Stackup-Spearbit-Security-Review-July-2025.pdf",
    "pdf_page_from": 8,
    "contest_id": "",
    "slug": "multisig-should-have-minimum-threshold-of-one-spearbit-none-stackup-keystore-pdf",
    "firm_name": "Spearbit",
    "firm_logo_square": "spearbit_square.png",
    "protocol_name": "Stackup Keystore",
    "bookmarked": false,
    "read": false,
    "issues_issue_finders": [
        {
            "wardens_warden": {
                "handle": "Tnch"
            }
        },
        {
            "wardens_warden": {
                "handle": "Kaden"
            }
        },
        {
            "wardens_warden": {
                "handle": "Hake"
            }
        },
        {
            "wardens_warden": {
                "handle": "Gerard Persoon"
            }
        }
    ],
    "auditfirms_auditfirm": {
        "name": "Spearbit",
        "logo_square": "spearbit_square.png"
    },
    "protocols_protocol": {
        "name": "Stackup Keystore",
        "protocols_protocolcategoryscore": []
    },
    "issues_issuetagscore": []
}