{
    "id": 62446,
    "kind": "MARKDOWN",
    "auditfirm_id": 34,
    "impact": "LOW",
    "finders_count": 1,
    "protocol_id": 3408,
    "title": "[UFARM1-5] Incorrect order of amounts emitted in the event of UnoswapV2Controller::delegatedAddLiquidity",
    "content": "**Severity:** Low\n\n**Path:** contracts/main/contracts/controllers/UnoswapV2Controller.sol#L320\n\n**Description:** In the `UnoswapV2Controller::delegatedAddLiquidity()` function, `tokenA` and `tokenB` are never sorted. However, `amountA` and `amountB`, obtained from `quoteExactLiquidityAmounts()`, are sorted according to the pair's token order.\n```\n(uint256 amountA, uint256 amountB, address pair) = thisController.quoteExactLiquidityAmounts(\n    tokenA,\n    tokenB,\n    alArgs.amountADesired,\n    alArgs.amountBDesired,\n    alArgs.amountAMin,\n    alArgs.amountBMin,\n    alArgs.deadline\n);\n\nbool reversed = tokenA > tokenB;\n\nIERC20(tokenA).safeTransfer(pair, reversed ? amountB : amountA);\nIERC20(tokenB).safeTransfer(pair, reversed ? amountA : amountB);\n```\nTherefore, the event emitted by this function has `amountA` and `amountB` in the incorrect order, since it doesn't consider the reserve values to determine the correct token order.\n```\nemit LiquidityAddedUnoV2(tokenA, tokenB, amountA, amountB, liquidity, pair, PROTOCOL());\n```\n\n\n**Remediation:**  The event emitted by this function should also consider the reserve values to reorder `amountA` and `amountB`.\n\n**Status:** Fixed\n\n- - -",
    "summary": "",
    "report_date": "2025-06-10T00:00:00.000Z",
    "contest_prize_txt": "",
    "contest_link": "",
    "sponsor_name": null,
    "sponsor_link": "",
    "quality_score": 0,
    "general_score": 0,
    "source_link": "https://github.com/solodit/solodit_content/blob/main/reports/Hexens/2025-06-10-Ufarm.md",
    "github_link": "",
    "pdf_link": "",
    "pdf_page_from": 0,
    "contest_id": "",
    "slug": "ufarm1-5-incorrect-order-of-amounts-emitted-in-the-event-of-unoswapv2controllerdelegatedaddliquidity-hexens-none-ufarm-markdown",
    "firm_name": "Hexens",
    "firm_logo_square": "Hexens_square.png",
    "protocol_name": "Ufarm",
    "bookmarked": false,
    "read": false,
    "issues_issue_finders": [
        {
            "wardens_warden": {
                "handle": "Hexens"
            }
        }
    ],
    "auditfirms_auditfirm": {
        "name": "Hexens",
        "logo_square": "Hexens_square.png"
    },
    "protocols_protocol": {
        "name": "Ufarm",
        "protocols_protocolcategoryscore": []
    },
    "issues_issuetagscore": []
}