{
    "id": 62088,
    "kind": "GIT",
    "auditfirm_id": 2,
    "impact": "LOW",
    "finders_count": 0,
    "protocol_id": 2159,
    "title": "[11] Emit an event after dropping",
    "content": "\n<https://github.com/code-423n4/2025-02-blend/blob/f23b3260763488f365ef6a95bfb139c95b0ed0f9/blend-contracts-v2/backstop/src/contract.rs# L298-L305>\n\n### Finding description and impact\n\nOther operations in backstop contract emit an event upon completion except `drop` which fails to an event even after performing a significant state change.\n```\n\n    fn drop(e: Env) {\n        let mut drop_list = storage::get_drop_list(&e);\n        let backfilled_emissions = storage::get_backfill_emissions(&e);\n        drop_list.push_back((e.current_contract_address(), backfilled_emissions));\n        let emitter_client = EmitterClient::new(&e, &storage::get_emitter(&e));\n        emitter_client.drop(&drop_list)\n    }\n```\n\n---\n\n",
    "summary": "",
    "report_date": "2025-08-13T00:00:00.000Z",
    "contest_prize_txt": "125000",
    "contest_link": "https://code4rena.com/reports/2025-02-blend-v2-audit-certora-formal-verification",
    "sponsor_name": "Blend",
    "sponsor_link": "",
    "quality_score": 0,
    "general_score": 0,
    "source_link": "https://code4rena.com/reports/2025-02-blend-v2-audit-certora-formal-verification",
    "github_link": "",
    "pdf_link": "",
    "pdf_page_from": 0,
    "contest_id": "492",
    "slug": "11-emit-an-event-after-dropping-code4rena-blend-blend-git",
    "firm_name": "Code4rena",
    "firm_logo_square": "code4rena_square.png",
    "protocol_name": "Blend",
    "bookmarked": false,
    "read": false,
    "auditfirms_auditfirm": {
        "name": "Code4rena",
        "logo_square": "code4rena_square.png"
    },
    "protocols_protocol": {
        "name": "Blend",
        "protocols_protocolcategoryscore": []
    },
    "issues_issuetagscore": []
}