{
    "id": 62478,
    "kind": "MARKDOWN",
    "auditfirm_id": 16,
    "impact": "LOW",
    "finders_count": 1,
    "protocol_id": 3413,
    "title": "[L-05] Missing events in `endMultipleRounds`",
    "content": "\n_Resolved_\n\nThe endRound function emits RoundEnded and FeeTransferred events, which are crucial for off-chain services track contract activity. The batch function endMultipleRounds performs the same logic but does not emit these events. This creates an inconsistency and makes it difficult for dApps and monitoring tools to track rounds that are closed via the batch function.\n\nAdd the corresponding emit statements inside the loop in endMultipleRounds.\n\n\n\n",
    "summary": "",
    "report_date": "2025-09-04T00:00:00.000Z",
    "contest_prize_txt": "",
    "contest_link": "",
    "sponsor_name": null,
    "sponsor_link": "",
    "quality_score": 0,
    "general_score": 0,
    "source_link": "https://github.com/pashov/audits/blob/master/team/md/MCP-security-review_2025-08-07.md",
    "github_link": "",
    "pdf_link": "",
    "pdf_page_from": 0,
    "contest_id": "",
    "slug": "l-05-missing-events-in-endmultiplerounds-pashov-audit-group-none-mcp_2025-08-07-markdown",
    "firm_name": "Pashov Audit Group",
    "firm_logo_square": "Pashov_square.png",
    "protocol_name": "MCP_2025-08-07",
    "bookmarked": false,
    "read": false,
    "issues_issue_finders": [
        {
            "wardens_warden": {
                "handle": "Pashov Audit Group"
            }
        }
    ],
    "auditfirms_auditfirm": {
        "name": "Pashov Audit Group",
        "logo_square": "Pashov_square.png"
    },
    "protocols_protocol": {
        "name": "MCP_2025-08-07",
        "protocols_protocolcategoryscore": [
            {
                "protocols_protocolcategory": {
                    "title": "NFT Lending"
                },
                "score": 0.5
            },
            {
                "protocols_protocolcategory": {
                    "title": "RWA"
                },
                "score": 0.5
            },
            {
                "protocols_protocolcategory": {
                    "title": "RWA Lending"
                },
                "score": 0.5
            },
            {
                "protocols_protocolcategory": {
                    "title": "Staking Pool"
                },
                "score": 0.5
            }
        ]
    },
    "issues_issuetagscore": []
}