{
    "id": 62449,
    "kind": "MARKDOWN",
    "auditfirm_id": 7,
    "impact": "LOW",
    "finders_count": 1,
    "protocol_id": 3409,
    "title": "Floating Pragma",
    "content": "Pragma directives should be fixed to clearly identify the Solidity version with which the contracts will be compiled.\n\nThroughout the codebase, multiple instances of floating pragma directives were identified:\n\n* `ILineaToken.sol` has the [`solidity ^0.8.30`](https://github.com/Consensys/linea-tokens/blob/44640f0965a5c7465b99769a5d241a9a1cb3a2ef/./src/L1/interfaces/ILineaToken.sol#L2) floating pragma directive.\n* `IL2LineaToken.sol` has the [`solidity ^0.8.30`](https://github.com/Consensys/linea-tokens/blob/44640f0965a5c7465b99769a5d241a9a1cb3a2ef/./src/L2/interfaces/IL2LineaToken.sol#L2) floating pragma directive.\n* `IGenericErrors.sol` has the [`solidity ^0.8.30`](https://github.com/Consensys/linea-tokens/blob/44640f0965a5c7465b99769a5d241a9a1cb3a2ef/./src/interfaces/IGenericErrors.sol#L2) floating pragma directive.\n* `IMessageService.sol` has the [`solidity ^0.8.30`](https://github.com/Consensys/linea-tokens/blob/44640f0965a5c7465b99769a5d241a9a1cb3a2ef/./src/interfaces/IMessageService.sol#L2) floating pragma directive.\n\nConsider using fixed pragma directives.\n\n***Update:** Acknowledged, not resolved. The team stated:*\n\n> *Acknowledged: These have been left intentionally open for others to use for future/higher versions of their contracts. The top level deployables will dictate the compiler version which has been set without the floating pragma. No changes expected.*",
    "summary": "",
    "report_date": "2025-09-03T00:00:00.000Z",
    "contest_prize_txt": "",
    "contest_link": "",
    "sponsor_name": null,
    "sponsor_link": "",
    "quality_score": 0,
    "general_score": 0,
    "source_link": "https://blog.openzeppelin.com/linea-tge-audit",
    "github_link": "",
    "pdf_link": "",
    "pdf_page_from": 0,
    "contest_id": "",
    "slug": "floating-pragma-openzeppelin-none-linea-tge-audit-markdown",
    "firm_name": "OpenZeppelin",
    "firm_logo_square": "openzeppelin_square.png",
    "protocol_name": "Linea TGE Audit",
    "bookmarked": false,
    "read": false,
    "issues_issue_finders": [
        {
            "wardens_warden": {
                "handle": "OpenZeppelin"
            }
        }
    ],
    "auditfirms_auditfirm": {
        "name": "OpenZeppelin",
        "logo_square": "openzeppelin_square.png"
    },
    "protocols_protocol": {
        "name": "Linea TGE Audit",
        "protocols_protocolcategoryscore": []
    },
    "issues_issuetagscore": []
}