{
    "id": 62241,
    "kind": "MARKDOWN",
    "auditfirm_id": 11,
    "impact": "GAS",
    "finders_count": 2,
    "protocol_id": 3393,
    "title": "Enable the optimizer",
    "content": "**Description:** [Enable the Foundry optimizer](https://dacian.me/the-yieldoor-gas-optimizoor#heading-enabling-the-optimizer) in `foundry.toml`:\n```diff\n+ optimizer = true\n+ optimizer_runs = 1_000\n```\n\n**Avant:**\nFixed in commit [871140d](https://github.com/Avant-Protocol/Avant-Contracts-Max/commit/871140d5175f2f7ca7de7be960b834eb1f671206).\n\n**Cyfrin:** Verified.",
    "summary": "",
    "report_date": "2025-08-28T00:00:00.000Z",
    "contest_prize_txt": "",
    "contest_link": "",
    "sponsor_name": null,
    "sponsor_link": "",
    "quality_score": 0,
    "general_score": 0,
    "source_link": "https://github.com/solodit/solodit_content/blob/main/reports/Cyfrin/2025-08-28-cyfrin-avant-max-v2.0.md",
    "github_link": "",
    "pdf_link": "",
    "pdf_page_from": 0,
    "contest_id": "",
    "slug": "enable-the-optimizer-cyfrin-none-avant-max-markdown",
    "firm_name": "Cyfrin",
    "firm_logo_square": "Cyfrin_square.jpg",
    "protocol_name": "Avant Max",
    "bookmarked": false,
    "read": false,
    "issues_issue_finders": [
        {
            "wardens_warden": {
                "handle": "Dacian"
            }
        },
        {
            "wardens_warden": {
                "handle": "Jorge"
            }
        }
    ],
    "auditfirms_auditfirm": {
        "name": "Cyfrin",
        "logo_square": "Cyfrin_square.jpg"
    },
    "protocols_protocol": {
        "name": "Avant Max",
        "protocols_protocolcategoryscore": []
    },
    "issues_issuetagscore": []
}