{
    "id": 62454,
    "kind": "MARKDOWN",
    "auditfirm_id": 8,
    "impact": "LOW",
    "finders_count": 2,
    "protocol_id": 3410,
    "title": "LineaToken and L2LineaToken: Missing Sanity Checks During Initialization ✓ Fixed",
    "content": "...\n\nExport to GitHub ...\n\nSet external GitHub Repo ...\n\nExport to Clipboard (json)\n\nExport to Clipboard (text)\n\n#### Resolution\n\nThis has been fixed in [PR 10](https://github.com/Consensys/linea-tokens/pull/10) (last commit on the branch: [86605a9](https://github.com/Consensys/linea-tokens/tree/86605a938a033e93f3a63a7a263628c583840e4d)).\n\n#### Description\n\nThe `initialize` functions in `LineaToken` and `L2LineaToken` both take several `address` arguments as well as the name and symbol of the token. While, throughout the codebase, every address argument given in an `initialize` function or a constructor is diligently verified to be non-zero, the token name and symbol are not verified to be non-empty strings – although that would just as well constitute a deployment mistake and justify reverting.\n\n#### Recommendation\n\nFor completeness and consistency, we recommend checking in both `LineaToken.initialize` and in `L2LineaToken.initialize` that the string arguments `_tokenName` and `_tokenSymbol` are non-empty.",
    "summary": "",
    "report_date": "2025-07-01T00:00:00.000Z",
    "contest_prize_txt": "",
    "contest_link": "",
    "sponsor_name": null,
    "sponsor_link": "",
    "quality_score": 0,
    "general_score": 0,
    "source_link": "https://diligence.consensys.io/audits/2025/07/linea-token-and-airdrop-contracts/",
    "github_link": "",
    "pdf_link": "",
    "pdf_page_from": 0,
    "contest_id": "",
    "slug": "lineatoken-and-l2lineatoken-missing-sanity-checks-during-initialization-fixed-consensys-none-linea-token-and-airdrop-contracts-markdown",
    "firm_name": "ConsenSys",
    "firm_logo_square": "consensys_square.png",
    "protocol_name": "Linea Token and Airdrop Contracts",
    "bookmarked": false,
    "read": false,
    "issues_issue_finders": [
        {
            "wardens_warden": {
                "handle": "George Kobakhidze"
            }
        },
        {
            "wardens_warden": {
                "handle": " Heiko Fisch\n                        "
            }
        }
    ],
    "auditfirms_auditfirm": {
        "name": "ConsenSys",
        "logo_square": "consensys_square.png"
    },
    "protocols_protocol": {
        "name": "Linea Token and Airdrop Contracts",
        "protocols_protocolcategoryscore": []
    },
    "issues_issuetagscore": []
}