{
    "id": 62016,
    "kind": "MARKDOWN",
    "auditfirm_id": 37,
    "impact": "LOW",
    "finders_count": 3,
    "protocol_id": 3363,
    "title": "Curve Cryptopool `donate()` Function Is Poorly Defined",
    "content": "**Update**\nThe client acknowledged the issue and provided the following explanation:\n\n> min_amount is minimal amount of LP token which could have been minted in the donation (since donation is not symmetric). This will be rechecked once Curve cryptopool implementation will be fully done.\n\n**File(s) affected:**`contracts/LT.vy`\n\n**Description:** Using the `distrubute_borrower_fees()` function, anyone can force the `LT` contract to collect the fees from the releveraging AMM and donate them to the underlying curve liquidity pool. It is unclear how this function works in detail, as only a stub is provided. Therefore the purpose of the `min_amount` parameter is also unclear.\n\n**Recommendation:** Make sure that this integration is correct.",
    "summary": "",
    "report_date": "2025-08-14T16:12:11.589Z",
    "contest_prize_txt": "",
    "contest_link": "https://certificate.quantstamp.com/full/yield-basis/e07ecad3-524c-4609-b4f6-71ed7fdc3281/index.html",
    "sponsor_name": "",
    "sponsor_link": "",
    "quality_score": 0,
    "general_score": 0,
    "source_link": "https://certificate.quantstamp.com/full/yield-basis/e07ecad3-524c-4609-b4f6-71ed7fdc3281/index.html",
    "github_link": "",
    "pdf_link": "",
    "pdf_page_from": 0,
    "contest_id": "",
    "slug": "curve-cryptopool-donate-function-is-poorly-defined-quantstamp-yield-basis-markdown",
    "firm_name": "Quantstamp",
    "firm_logo_square": "quantstamp_square.png",
    "protocol_name": "Yield Basis",
    "bookmarked": false,
    "read": false,
    "issues_issue_finders": [
        {
            "wardens_warden": {
                "handle": "Gereon Mendler"
            }
        },
        {
            "wardens_warden": {
                "handle": "Cameron Biniamow"
            }
        },
        {
            "wardens_warden": {
                "handle": "Jonathan Mevs"
            }
        }
    ],
    "auditfirms_auditfirm": {
        "name": "Quantstamp",
        "logo_square": "quantstamp_square.png"
    },
    "protocols_protocol": {
        "name": "Yield Basis",
        "protocols_protocolcategoryscore": []
    },
    "issues_issuetagscore": []
}