{
    "id": 62230,
    "kind": "MARKDOWN",
    "auditfirm_id": 11,
    "impact": "GAS",
    "finders_count": 2,
    "protocol_id": 3392,
    "title": "Remove `from` parameter from `Minter:redeem` and `_onlySender` function",
    "content": "**Description:** `Minter:redeem` takes a `from` input parameter but then calls `_onlySender` to enforce that `from == msg.sender`.\n\nIn this case there is no need for the `from` input parameter for the `_onlySender` function; remove them both and just use `msg.sender` inside `Minter:redeem`.\n\n**Syntetika:**\nFixed in commit [94a2165](https://github.com/SyntetikaLabs/monorepo/commit/94a21650ac63be3d22c545e629ca0283d9664872).\n\n**Cyfrin:** Verified.",
    "summary": "",
    "report_date": "2025-08-01T00:00:00.000Z",
    "contest_prize_txt": "",
    "contest_link": "",
    "sponsor_name": null,
    "sponsor_link": "",
    "quality_score": 0,
    "general_score": 0,
    "source_link": "https://github.com/solodit/solodit_content/blob/main/reports/Cyfrin/2025-08-01-cyfrin-syntetika-v2.0.md",
    "github_link": "",
    "pdf_link": "",
    "pdf_page_from": 0,
    "contest_id": "",
    "slug": "remove-from-parameter-from-minterredeem-and-_onlysender-function-cyfrin-none-syntetika-markdown",
    "firm_name": "Cyfrin",
    "firm_logo_square": "Cyfrin_square.jpg",
    "protocol_name": "Syntetika",
    "bookmarked": false,
    "read": false,
    "issues_issue_finders": [
        {
            "wardens_warden": {
                "handle": "Dacian"
            }
        },
        {
            "wardens_warden": {
                "handle": "Jorge"
            }
        }
    ],
    "auditfirms_auditfirm": {
        "name": "Cyfrin",
        "logo_square": "Cyfrin_square.jpg"
    },
    "protocols_protocol": {
        "name": "Syntetika",
        "protocols_protocolcategoryscore": []
    },
    "issues_issuetagscore": []
}