{
    "id": 62460,
    "kind": "MARKDOWN",
    "auditfirm_id": 16,
    "impact": "LOW",
    "finders_count": 1,
    "protocol_id": 3411,
    "title": "[L-04] Zero-amount initial undelegation intents allows `Event` spamming",
    "content": "\n_Acknowledged_\n\nThe `exit_delegation_pool_intent()` function in the delegation pool contract allows a `pool member` to submit an `amount = 0` request even if they have no existing undelegate intent.\n\nThis triggers event emissions `PoolMemberExitIntent` and `PoolMemberBalanceChanged` (on the pool side) and `RemoveFromDelegationPoolIntent` and `StakeDelegatedBalanceChanged` (on staking contract) that have no real meaning.\n```rust\n    // @audit When 0, unpool_time is set to None but the rest of function flows normally\n>>  if amount.is_zero() {\n        pool_member_info.unpool_time = Option::None;\n    } else {\n        pool_member_info.unpool_time = Option::Some(unpool_time);\n    }\n    ...\n    // pool::exit_delegation_pool_intent()\n    self.emit(Events::PoolMemberExitIntent { ... });\n    self.emit(Events::PoolMemberBalanceChanged { ... });\n\n    // staking::remove_from_delegation_pool_intent()\n    self.emit(Events::RemoveFromDelegationPoolIntent { ... });\n    self.emit(Events::StakeDelegatedBalanceChanged { ... });\n```\nBecause there’s no restriction on repeating such `zero-amount` calls, a malicious user could repeatedly call the function to generate spam events and polluting event logs.\n\n**Recommendations**\n\nAdd a check to ensure that `zero-amount` calls are only permitted if the caller already has an active undelegate intent (`unpool_time.is_some()`).\n```diff\n+   assert!(\n+       !amount.is_zero() || pool_member_info.unpool_time.is_some(),\n+       \"{}\",\n+       GenericError::ZERO_AMOUNT_INITIAL_INTENT\n+   );\n\n    // @audit proceed normaly\n    if amount.is_zero() {\n        pool_member_info.unpool_time = Option::None;\n    } else {\n        pool_member_info.unpool_time = Option::Some(unpool_time);\n    }\n```\nThis ensures:\n- First-time exit intents must have `amount > 0`.\n- Zero-amount calls are only valid as cancellations of existing intents.\n\n\n\n",
    "summary": "",
    "report_date": "2025-09-03T00:00:00.000Z",
    "contest_prize_txt": "",
    "contest_link": "",
    "sponsor_name": null,
    "sponsor_link": "",
    "quality_score": 0,
    "general_score": 0,
    "source_link": "https://github.com/pashov/audits/blob/master/team/md/Starknet-security-review_2025-07-31.md",
    "github_link": "",
    "pdf_link": "",
    "pdf_page_from": 0,
    "contest_id": "",
    "slug": "l-04-zero-amount-initial-undelegation-intents-allows-event-spamming-pashov-audit-group-none-starknet_2025-07-31-markdown",
    "firm_name": "Pashov Audit Group",
    "firm_logo_square": "Pashov_square.png",
    "protocol_name": "Starknet_2025-07-31",
    "bookmarked": false,
    "read": false,
    "issues_issue_finders": [
        {
            "wardens_warden": {
                "handle": "Pashov Audit Group"
            }
        }
    ],
    "auditfirms_auditfirm": {
        "name": "Pashov Audit Group",
        "logo_square": "Pashov_square.png"
    },
    "protocols_protocol": {
        "name": "Starknet_2025-07-31",
        "protocols_protocolcategoryscore": []
    },
    "issues_issuetagscore": []
}