{
    "id": 62249,
    "kind": "PDF",
    "auditfirm_id": 9,
    "impact": "LOW",
    "finders_count": 3,
    "protocol_id": 3394,
    "title": "Borrow amounts are incorrectly rounded",
    "content": "## Data Validation Report\n\n**Difficulty:** Low  \n**Type:** Data Validation  \n\n## Description\nBorrow amounts represent user debt, and therefore must be rounded up to avoid understating user liabilities. In FunC, it is recommended to use ceiling rounding in the `muldivc` function for these calculations. These small rounding errors can eventually add up and lead to a calculation mismatch between the internal accounting and the assets in custody.\n\nMultiple borrow amount calculations throughout the `user-utils.fc` file fail to round up consistently, in particular:\n- Line 164, in the `account_health_calc` function\n- Line 231, in the `is_liquidatable` function\n- Line 280, in the `get_available_to_borrow` function\n- Line 354, in the `get_aggregated_balances` function\n\n## Recommendations\n**Short term:** Use `muldivc` instead of `muldiv` or normal multiplication and division when calculating user debt.\n\n**Long term:** Expand the unit test suite to cover additional edge cases and to ensure that the system behaves as expected.",
    "summary": "",
    "report_date": "2025-08-22T00:00:00.000Z",
    "contest_prize_txt": "",
    "contest_link": "https://github.com/trailofbits/publications/blob/master/reviews/2025-08-evaafinance-securityreview.pdf",
    "sponsor_name": null,
    "sponsor_link": "",
    "quality_score": 0,
    "general_score": 0,
    "source_link": "https://github.com/trailofbits/publications/blob/master/reviews/2025-08-evaafinance-securityreview.pdf",
    "github_link": "",
    "pdf_link": "https://solodit-bucket.s3.amazonaws.com/storage/reports/trailofbits/2025-08-evaafinance-securityreview.pdf",
    "pdf_page_from": 21,
    "contest_id": "",
    "slug": "borrow-amounts-are-incorrectly-rounded-trailofbits-none-evaa-finance-pdf",
    "firm_name": "TrailOfBits",
    "firm_logo_square": "trailofbits_square.png",
    "protocol_name": "EVAA Finance",
    "bookmarked": false,
    "read": false,
    "issues_issue_finders": [
        {
            "wardens_warden": {
                "handle": "Kevin Valerio Trail of Bits PUBLIC"
            }
        },
        {
            "wardens_warden": {
                "handle": "Guillermo Larregay"
            }
        },
        {
            "wardens_warden": {
                "handle": "Quan Nguyen"
            }
        }
    ],
    "auditfirms_auditfirm": {
        "name": "TrailOfBits",
        "logo_square": "trailofbits_square.png"
    },
    "protocols_protocol": {
        "name": "EVAA Finance",
        "protocols_protocolcategoryscore": []
    },
    "issues_issuetagscore": []
}