{
    "id": 62303,
    "kind": "PDF",
    "auditfirm_id": 6,
    "impact": "LOW",
    "finders_count": 3,
    "protocol_id": 3396,
    "title": "Boundary check is missing when setting _optimalUtilizationRate in the constructor",
    "content": "## Severity: Low Risk\n\n## Context\nBasePiReserveRateStrategy.sol#L98\n\n## Description\nThis check is missing in the context:\n\n```solidity\nif (optimalUtilizationRate >= uint256(RAY)) {\n    revert(Errors.IR_U0_GREATER_THAN_RAY);\n}\n```\n\nIt is best to use internal setter functions that refactor all the necessary logic.\n\n## Recommendation\nInstead of setting the storage parameter manually, call `define` and use `_setOptimalUtilizationRate(optimalUtilizationRate)` where all the necessary logic is defined in this setter function, including the boundary check and event emission.\n\n## Astera\nFixed in commit 1eb7b435.\n\n## Spearbit\nFix verified.",
    "summary": "",
    "report_date": "2025-08-29T00:00:00.000Z",
    "contest_prize_txt": "",
    "contest_link": "https://github.com/spearbit/portfolio/blob/master/pdfs/Astera-Spearbit-Security-Review-December-2024.pdf",
    "sponsor_name": null,
    "sponsor_link": "",
    "quality_score": 0,
    "general_score": 0,
    "source_link": "https://github.com/spearbit/portfolio/blob/master/pdfs/Astera-Spearbit-Security-Review-December-2024.pdf",
    "github_link": "",
    "pdf_link": "https://solodit-bucket.s3.amazonaws.com/storage/reports/spearbit/Astera-Spearbit-Security-Review-December-2024.pdf",
    "pdf_page_from": 33,
    "contest_id": "",
    "slug": "boundary-check-is-missing-when-setting-_optimalutilizationrate-in-the-constructor-spearbit-none-astera-pdf",
    "firm_name": "Spearbit",
    "firm_logo_square": "spearbit_square.png",
    "protocol_name": "Astera",
    "bookmarked": false,
    "read": false,
    "issues_issue_finders": [
        {
            "wardens_warden": {
                "handle": "Saw-mon and Natalie"
            }
        },
        {
            "wardens_warden": {
                "handle": "Cergyk"
            }
        },
        {
            "wardens_warden": {
                "handle": "Jonatas Martins"
            }
        }
    ],
    "auditfirms_auditfirm": {
        "name": "Spearbit",
        "logo_square": "spearbit_square.png"
    },
    "protocols_protocol": {
        "name": "Astera",
        "protocols_protocolcategoryscore": []
    },
    "issues_issuetagscore": []
}