{
    "id": 62218,
    "kind": "MARKDOWN",
    "auditfirm_id": 11,
    "impact": "LOW",
    "finders_count": 2,
    "protocol_id": 3392,
    "title": "`Minter::ownerMint` bypasses whitelist requirement and increases `totalDeposits` without actually transferring any tokens",
    "content": "**Description:** The regular functions `Minter::mint, redeem` enforce whitelist requirements and always transfer or burn tokens when incrementing or decrementing `totalDeposits`.\n\nIn contrast the admin function `Minter::ownerMint`:\n* doesn't enforce whitelist requirements on `addressTo`\n* increments `totalDeposits` without actually transferring any tokens into the contract\n\n**Impact:** Misuse of this function can cause:\n* tokens to be minted to a non-whitelisted address\n* corruption of `totalDeposits` which can become different to the actual amount of tokens in the contract\n* the admin could mint themselves infinite `hBTC` tokens which they could then use to drain pair tokens from any decentralized liquidity pools\n\n**Recommended Mitigation:** Ideally `Minter::ownerMint` would require the admin to supply sufficient `baseAsset` tokens to the contract.\n\n**Syntetika:**\nAcknowledged; this is the intended functionality of the `ownerMint` function.",
    "summary": "",
    "report_date": "2025-08-01T00:00:00.000Z",
    "contest_prize_txt": "",
    "contest_link": "",
    "sponsor_name": null,
    "sponsor_link": "",
    "quality_score": 0,
    "general_score": 0,
    "source_link": "https://github.com/solodit/solodit_content/blob/main/reports/Cyfrin/2025-08-01-cyfrin-syntetika-v2.0.md",
    "github_link": "",
    "pdf_link": "",
    "pdf_page_from": 0,
    "contest_id": "",
    "slug": "minterownermint-bypasses-whitelist-requirement-and-increases-totaldeposits-without-actually-transferring-any-tokens-cyfrin-none-syntetika-markdown",
    "firm_name": "Cyfrin",
    "firm_logo_square": "Cyfrin_square.jpg",
    "protocol_name": "Syntetika",
    "bookmarked": false,
    "read": false,
    "issues_issue_finders": [
        {
            "wardens_warden": {
                "handle": "Dacian"
            }
        },
        {
            "wardens_warden": {
                "handle": "Jorge"
            }
        }
    ],
    "auditfirms_auditfirm": {
        "name": "Cyfrin",
        "logo_square": "Cyfrin_square.jpg"
    },
    "protocols_protocol": {
        "name": "Syntetika",
        "protocols_protocolcategoryscore": []
    },
    "issues_issuetagscore": []
}