{
    "id": 62162,
    "kind": "PDF",
    "auditfirm_id": 6,
    "impact": "LOW",
    "finders_count": 4,
    "protocol_id": 3384,
    "title": "Incorrect rounding directions",
    "content": "## Severity: Low Risk\n\n## Context\n- PMath.sol#L66-L76\n- PMath.sol#L89-L99\n\n## Description\nThe issue from the first review still applies: **First review - Finding 2**\n\n## Recommendation\nRounding direction needs to be corrected based on the signs of the numerator and denominator.\n\n## Acknowledgements\n- **Pendle Finance:** Acknowledged.\n- **Spearbit:** Acknowledged.",
    "summary": "",
    "report_date": "2025-08-22T00:00:00.000Z",
    "contest_prize_txt": "",
    "contest_link": "https://github.com/spearbit/portfolio/blob/master/pdfs/Pendle-Spearbit-Security-Review-August-2025.pdf",
    "sponsor_name": null,
    "sponsor_link": "",
    "quality_score": 0,
    "general_score": 0,
    "source_link": "https://github.com/spearbit/portfolio/blob/master/pdfs/Pendle-Spearbit-Security-Review-August-2025.pdf",
    "github_link": "",
    "pdf_link": "https://solodit-bucket.s3.amazonaws.com/storage/reports/spearbit/Pendle-Spearbit-Security-Review-August-2025.pdf",
    "pdf_page_from": 43,
    "contest_id": "",
    "slug": "incorrect-rounding-directions-spearbit-none-pendle-core-v3-pdf",
    "firm_name": "Spearbit",
    "firm_logo_square": "spearbit_square.png",
    "protocol_name": "Pendle Core v3",
    "bookmarked": false,
    "read": false,
    "issues_issue_finders": [
        {
            "wardens_warden": {
                "handle": "Saw-mon and Natalie"
            }
        },
        {
            "wardens_warden": {
                "handle": "Ethan"
            }
        },
        {
            "wardens_warden": {
                "handle": "Desmond Ho"
            }
        },
        {
            "wardens_warden": {
                "handle": "RustyRabbit"
            }
        }
    ],
    "auditfirms_auditfirm": {
        "name": "Spearbit",
        "logo_square": "spearbit_square.png"
    },
    "protocols_protocol": {
        "name": "Pendle Core v3",
        "protocols_protocolcategoryscore": []
    },
    "issues_issuetagscore": []
}