{
    "id": 62060,
    "kind": "MARKDOWN",
    "auditfirm_id": 7,
    "impact": "LOW",
    "finders_count": 1,
    "protocol_id": 3377,
    "title": "Minimum Liveness Can Be Set Beyond Valid Bounds",
    "content": "The [`setMinimumLiveness` function](https://github.com/UMAprotocol/managed-oracle/blob/fc03083eca91c880efa8918c6d9532af9362f00d/src/optimistic-oracle-v2/implementation/ManagedOptimisticOracleV2.sol#L207) of the `ManagedOptimisticOracleV2` contract allows the admin to set a new global minimum liveness without validating that the value falls within the bounds enforced by the underlying `OptimisticOracleV2`. If `minimumLiveness` is set above the maximum value accepted by `OptimisticOracleV2,` subsequent attempts of a [requester](https://github.com/UMAprotocol/managed-oracle/blob/fc03083eca91c880efa8918c6d9532af9362f00d/src/optimistic-oracle-v2/implementation/OptimisticOracleV2.sol#L244C5-L256C6) or [request manager](https://github.com/UMAprotocol/managed-oracle/blob/fc03083eca91c880efa8918c6d9532af9362f00d/src/optimistic-oracle-v2/implementation/ManagedOptimisticOracleV2.sol#L284C5-L294C6) to set custom liveness values will fail, resulting in a DoS for that functionality.\n\nWhile this scenario is unlikely to materialize in practice, as it requires a misconfigured call from a privileged admin, the risk can be fully mitigated by adding validation. Thus, consider updating the `_setMinimumLiveness` function to enforce that the new value respects the bounds accepted by `OptimisticOracleV2`, preventing any accidental misconfiguration.\n\n***Update:** Resolved in [pull request #7](https://github.com/UMAprotocol/managed-oracle/pull/7) at commit [bd0fe60](https://github.com/UMAprotocol/managed-oracle/pull/7/commits/bd0fe60b6c72225147ff0a6b3e6d0ad0f496017e).*",
    "summary": "",
    "report_date": "2025-08-26T00:00:00.000Z",
    "contest_prize_txt": "",
    "contest_link": "",
    "sponsor_name": null,
    "sponsor_link": "",
    "quality_score": 0,
    "general_score": 0,
    "source_link": "https://blog.openzeppelin.com/managed-optimistic-oracle-audit",
    "github_link": "",
    "pdf_link": "",
    "pdf_page_from": 0,
    "contest_id": "",
    "slug": "minimum-liveness-can-be-set-beyond-valid-bounds-openzeppelin-none-managed-optimistic-oracle-audit-markdown",
    "firm_name": "OpenZeppelin",
    "firm_logo_square": "openzeppelin_square.png",
    "protocol_name": "Managed Optimistic Oracle Audit",
    "bookmarked": false,
    "read": false,
    "issues_issue_finders": [
        {
            "wardens_warden": {
                "handle": "OpenZeppelin"
            }
        }
    ],
    "auditfirms_auditfirm": {
        "name": "OpenZeppelin",
        "logo_square": "openzeppelin_square.png"
    },
    "protocols_protocol": {
        "name": "Managed Optimistic Oracle Audit",
        "protocols_protocolcategoryscore": []
    },
    "issues_issuetagscore": []
}