{
    "id": 62200,
    "kind": "MARKDOWN",
    "auditfirm_id": 11,
    "impact": "LOW",
    "finders_count": 2,
    "protocol_id": 3392,
    "title": "Blacklisted users can claim withdrawn assets after the cooldown period",
    "content": "**Description:** `StakingVault::_update` uses modifiers `notBlacklisted(from) notBlacklisted(to)` to prevent blacklisted users from performing most actions.\n\nBut `StakingVault::claimWithdraw` does not use the `notBlacklisted` modifier. Hence a user who has been blacklisted after they first withdrew/redeemed can still claim those assets once the cooldown period has expired.\n\n**Recommended Mitigation:** `StakingVault::claimWithdraw` should have at least `notBlacklisted(msg.sender)` and possibly also `notBlacklisted(receiver)`, though the second one is less effective since the user can input an arbitrary address.\n\n**Syntetika:**\nFixed in commit [d98afbf](https://github.com/SyntetikaLabs/monorepo/commit/d98afbfd76670a0cbebfb3399f167481344f689d).\n\n**Cyfrin:** Verified.",
    "summary": "",
    "report_date": "2025-08-01T00:00:00.000Z",
    "contest_prize_txt": "",
    "contest_link": "",
    "sponsor_name": null,
    "sponsor_link": "",
    "quality_score": 0,
    "general_score": 0,
    "source_link": "https://github.com/solodit/solodit_content/blob/main/reports/Cyfrin/2025-08-01-cyfrin-syntetika-v2.0.md",
    "github_link": "",
    "pdf_link": "",
    "pdf_page_from": 0,
    "contest_id": "",
    "slug": "blacklisted-users-can-claim-withdrawn-assets-after-the-cooldown-period-cyfrin-none-syntetika-markdown",
    "firm_name": "Cyfrin",
    "firm_logo_square": "Cyfrin_square.jpg",
    "protocol_name": "Syntetika",
    "bookmarked": false,
    "read": false,
    "issues_issue_finders": [
        {
            "wardens_warden": {
                "handle": "Dacian"
            }
        },
        {
            "wardens_warden": {
                "handle": "Jorge"
            }
        }
    ],
    "auditfirms_auditfirm": {
        "name": "Cyfrin",
        "logo_square": "Cyfrin_square.jpg"
    },
    "protocols_protocol": {
        "name": "Syntetika",
        "protocols_protocolcategoryscore": []
    },
    "issues_issuetagscore": []
}