{
    "id": 62377,
    "kind": "MARKDOWN",
    "auditfirm_id": 34,
    "impact": "LOW",
    "finders_count": 1,
    "protocol_id": 1390,
    "title": "[ASTRO-6] Lack of parameter description",
    "content": "**Severity:** Informational\n\n**Path:** SwapUtils.sol\n\n**Description:** This function storage has descriptions of two of its three parameters, the purpose of the third parameter _mintToMint is missing in the natspec.\n```\n/**\n\t * @notice Add liquidity to the pool\n\t * @param self Swap struct to read from and write to\n\t * @param amounts the amounts of each token to add, in their native precision\n\t * should mint, otherwise revert. Handy for front-running mitigation\n\t * allowed addresses. If the pool is not in the guarded launch phase, this parameter will be ignored.\n\t * @return amount of LP token user received\n\t */\n\tfunction _addLiquidity(\n\t\tSwap storage self,\n\t\tuint256[] memory amounts,\n\t\tuint256 _mintToMint\n\t) internal returns (uint256) {\n```\n\n**Remediation:**  Add a description for _mintToMint.\n\n**Status:** Fixed\n\n- - -",
    "summary": "",
    "report_date": "2023-04-17T00:00:00.000Z",
    "contest_prize_txt": "",
    "contest_link": "",
    "sponsor_name": null,
    "sponsor_link": "",
    "quality_score": 0,
    "general_score": 0,
    "source_link": "https://github.com/solodit/solodit_content/blob/main/reports/Hexens/2023-04-17-Astrolab.md",
    "github_link": "",
    "pdf_link": "",
    "pdf_page_from": 0,
    "contest_id": "",
    "slug": "astro-6-lack-of-parameter-description-hexens-none-astrolab-markdown",
    "firm_name": "Hexens",
    "firm_logo_square": "Hexens_square.png",
    "protocol_name": "Astrolab",
    "bookmarked": false,
    "read": false,
    "issues_issue_finders": [
        {
            "wardens_warden": {
                "handle": "Hexens"
            }
        }
    ],
    "auditfirms_auditfirm": {
        "name": "Hexens",
        "logo_square": "Hexens_square.png"
    },
    "protocols_protocol": {
        "name": "Astrolab",
        "protocols_protocolcategoryscore": []
    },
    "issues_issuetagscore": []
}