{
    "id": 62476,
    "kind": "MARKDOWN",
    "auditfirm_id": 16,
    "impact": "LOW",
    "finders_count": 1,
    "protocol_id": 3413,
    "title": "[L-03] Blacklisted users' tokens are stuck after a win",
    "content": "\n_Resolved_\n\nTo make predictions, `predict()` is used with USDC tokens, which implement blacklist logic. If a user is blacklisted after making a prediction and wins, their tokens will be permanently stuck in the contract because `claimReward()` sends rewards only to the original user, who can no longer withdraw due to the blacklist.\n\nRecommendation: Implement an owner-only function to withdraw USDC in such cases to prevent funds from being locked forever.\n\n\n\n",
    "summary": "",
    "report_date": "2025-09-04T00:00:00.000Z",
    "contest_prize_txt": "",
    "contest_link": "",
    "sponsor_name": null,
    "sponsor_link": "",
    "quality_score": 0,
    "general_score": 0,
    "source_link": "https://github.com/pashov/audits/blob/master/team/md/MCP-security-review_2025-08-07.md",
    "github_link": "",
    "pdf_link": "",
    "pdf_page_from": 0,
    "contest_id": "",
    "slug": "l-03-blacklisted-users-tokens-are-stuck-after-a-win-pashov-audit-group-none-mcp_2025-08-07-markdown",
    "firm_name": "Pashov Audit Group",
    "firm_logo_square": "Pashov_square.png",
    "protocol_name": "MCP_2025-08-07",
    "bookmarked": false,
    "read": false,
    "issues_issue_finders": [
        {
            "wardens_warden": {
                "handle": "Pashov Audit Group"
            }
        }
    ],
    "auditfirms_auditfirm": {
        "name": "Pashov Audit Group",
        "logo_square": "Pashov_square.png"
    },
    "protocols_protocol": {
        "name": "MCP_2025-08-07",
        "protocols_protocolcategoryscore": [
            {
                "protocols_protocolcategory": {
                    "title": "NFT Lending"
                },
                "score": 0.5
            },
            {
                "protocols_protocolcategory": {
                    "title": "RWA"
                },
                "score": 0.5
            },
            {
                "protocols_protocolcategory": {
                    "title": "RWA Lending"
                },
                "score": 0.5
            },
            {
                "protocols_protocolcategory": {
                    "title": "Staking Pool"
                },
                "score": 0.5
            }
        ]
    },
    "issues_issuetagscore": []
}