{
    "id": 62206,
    "kind": "MARKDOWN",
    "auditfirm_id": 11,
    "impact": "LOW",
    "finders_count": 2,
    "protocol_id": 3392,
    "title": "Owner can not burn tokens from blacklisted addresses",
    "content": "**Description:** The `HilBTC.sol` contract contains a logical inconsistency in its `burnFrom()` function regarding blacklisted addresses. While the function grants the `owner` special privileges to burn tokens from any user without requiring allowance (bypassing the `_spendAllowance` check), the underlying `_burn()` function calls `_update()` which contains the `notBlacklisted(from)` modifier. This prevents the owner from burning tokens from blacklisted addresses:\n```solidity\n function burnFrom(address from, uint256 amount) external {\n        address spender = msg.sender;\n        if (spender != from && spender != owner()) {\n            _spendAllowance(from, spender, amount);\n        }\n        _burn(from, amount);\n    } //@audit owner can not burn from Blacklisted\n\n    function _update(address from, address to, uint256 amount)\n        internal\n        override\n        notBlacklisted(from)\n        notBlacklisted(to)\n    {\n        super._update(from, to, amount);\n    }\n```\n\n**Impact:** Owner can not burn tokens from blacklisted addresses.\n\n**Recommended Mitigation:** If you want the owner to have the capability to burn blacklisted user tokens, consider creating a special access control function where the direct `_balances` of the backlisted user is reduced.\n\n**Syntetika:**\nFixed in commit [dc14ad2](https://github.com/SyntetikaLabs/monorepo/commit/dc14ad2c7dacf389deb24fcdca155b5b0acb52d4).\n\n**Cyfrin:** Verified.\n\n\\clearpage",
    "summary": "",
    "report_date": "2025-08-01T00:00:00.000Z",
    "contest_prize_txt": "",
    "contest_link": "",
    "sponsor_name": null,
    "sponsor_link": "",
    "quality_score": 0,
    "general_score": 0,
    "source_link": "https://github.com/solodit/solodit_content/blob/main/reports/Cyfrin/2025-08-01-cyfrin-syntetika-v2.0.md",
    "github_link": "",
    "pdf_link": "",
    "pdf_page_from": 0,
    "contest_id": "",
    "slug": "owner-can-not-burn-tokens-from-blacklisted-addresses-cyfrin-none-syntetika-markdown",
    "firm_name": "Cyfrin",
    "firm_logo_square": "Cyfrin_square.jpg",
    "protocol_name": "Syntetika",
    "bookmarked": false,
    "read": false,
    "issues_issue_finders": [
        {
            "wardens_warden": {
                "handle": "Dacian"
            }
        },
        {
            "wardens_warden": {
                "handle": "Jorge"
            }
        }
    ],
    "auditfirms_auditfirm": {
        "name": "Cyfrin",
        "logo_square": "Cyfrin_square.jpg"
    },
    "protocols_protocol": {
        "name": "Syntetika",
        "protocols_protocolcategoryscore": []
    },
    "issues_issuetagscore": []
}