{
    "id": 62358,
    "kind": "MARKDOWN",
    "auditfirm_id": 34,
    "impact": "LOW",
    "finders_count": 1,
    "protocol_id": 967,
    "title": "[BAB-5] Bad actor can list fake tokens",
    "content": "**Severity:** Informational\n\n**Path:** BabylonCore.sol:startListing (L54-87)\n\n**Description:** Any malicious actor can create a customized ERC721/ERC1155 collection and create a listing for it. There are no checks against a whitelist of tokens to protect users from getting scammed.\n```\nfunction startListing(\n    ListingItem calldata item,\n    IEditionsExtension.EditionInfo calldata edition,\n    uint256 timeStart,\n    uint256 price,\n    uint256 totalTickets,\n    uint256 donationBps\n) external;\n```\n\n**Remediation:**  Add and check against a whitelist of ERC721/ERC1155 tokens that have been approved by trusted users.\n\n**Status:** Acknowledged\n\n- - -",
    "summary": "",
    "report_date": "2023-01-17T00:00:00.000Z",
    "contest_prize_txt": "",
    "contest_link": "",
    "sponsor_name": null,
    "sponsor_link": "",
    "quality_score": 0,
    "general_score": 0,
    "source_link": "https://github.com/solodit/solodit_content/blob/main/reports/Hexens/2023-01-17-Babylon.md",
    "github_link": "",
    "pdf_link": "",
    "pdf_page_from": 0,
    "contest_id": "",
    "slug": "bab-5-bad-actor-can-list-fake-tokens-hexens-none-babylon-markdown",
    "firm_name": "Hexens",
    "firm_logo_square": "Hexens_square.png",
    "protocol_name": "Babylon",
    "bookmarked": false,
    "read": false,
    "issues_issue_finders": [
        {
            "wardens_warden": {
                "handle": "Hexens"
            }
        }
    ],
    "auditfirms_auditfirm": {
        "name": "Hexens",
        "logo_square": "Hexens_square.png"
    },
    "protocols_protocol": {
        "name": "Babylon",
        "protocols_protocolcategoryscore": []
    },
    "issues_issuetagscore": []
}