{
    "id": 62346,
    "kind": "MARKDOWN",
    "auditfirm_id": 11,
    "impact": "LOW",
    "finders_count": 2,
    "protocol_id": 3401,
    "title": "Missing `nonReentrant` modifier on `GMTokenManager` mint/redeem",
    "content": "**Description:** The [`GMTokenManager::mintWithAttestation`](https://github.com/ondoprotocol/rwa-internal/blob/a74d03f4a71bd9cac09e8223377b47f7d64ca8d4/contracts/globalMarkets/tokenManager/GMTokenManager.sol#L170-L175) and [`GMTokenManager::redeemWithAttestation`](https://github.com/ondoprotocol/rwa-internal/blob/a74d03f4a71bd9cac09e8223377b47f7d64ca8d4/contracts/globalMarkets/tokenManager/GMTokenManager.sol#L248-L253) functions  perform external token transfers and internal state updates but do not use the `nonReentrant` modifier. While `GMTokenManager` inherits from OpenZeppelin's `ReentrancyGuard`, which is currently unused, the modifier is not applied to these functions.\n\nConsider adding the `nonReentrant` modifier to `mintWithAttestation` and `redeemWithAttestation`.\n\n**Ondo:** Fixed in commit [`d7dc414`](https://github.com/ondoprotocol/rwa-internal/pull/471/commits/d7dc4144d42a5edb04a25814f42a677c8b798723)\n\n**Cyfrin:** Verified.\n\n\\clearpage",
    "summary": "",
    "report_date": "2025-07-14T00:00:00.000Z",
    "contest_prize_txt": "",
    "contest_link": "",
    "sponsor_name": null,
    "sponsor_link": "",
    "quality_score": 0,
    "general_score": 0,
    "source_link": "https://github.com/solodit/solodit_content/blob/main/reports/Cyfrin/2025-07-14-cyfrin-ondo-global-markets-v2.0.md",
    "github_link": "",
    "pdf_link": "",
    "pdf_page_from": 0,
    "contest_id": "",
    "slug": "missing-nonreentrant-modifier-on-gmtokenmanager-mintredeem-cyfrin-none-ondo-global-markets-markdown",
    "firm_name": "Cyfrin",
    "firm_logo_square": "Cyfrin_square.jpg",
    "protocol_name": "Ondo Global Markets",
    "bookmarked": false,
    "read": false,
    "issues_issue_finders": [
        {
            "wardens_warden": {
                "handle": "Immeas"
            }
        },
        {
            "wardens_warden": {
                "handle": "Al-Qa'qa'"
            }
        }
    ],
    "auditfirms_auditfirm": {
        "name": "Cyfrin",
        "logo_square": "Cyfrin_square.jpg"
    },
    "protocols_protocol": {
        "name": "Ondo Global Markets",
        "protocols_protocolcategoryscore": []
    },
    "issues_issuetagscore": []
}