{
    "id": 62302,
    "kind": "PDF",
    "auditfirm_id": 6,
    "impact": "LOW",
    "finders_count": 3,
    "protocol_id": 3396,
    "title": "RewardsController incorrect tracking the miniPools after updating addressesProvider",
    "content": "## Security Issue Report\n\n## Severity\n**Low Risk**\n\n## Context\n`RewardsController.sol#L155-L171`\n\n## Description\nThe `_addressesProvider` variable in `RewardsController` can be updated through `setMiniPoolAddressesProvider`. If changed, the tracking of miniPools may become incorrect since the new address provider could have different miniPools and a different total count. This mismatch between new and old miniPools could break the `_isAtokenERC6909` and `_isMiniPool` arrays, possibly breaking the `handleAction` function.\n\n## Recommendation\nConsider resetting the tracking of the miniPools when updating the `addressesProvider` variable.\n\n## Astera\nFixed in commit `99bbbf93`.\n\n## Spearbit\nFix verified.",
    "summary": "",
    "report_date": "2025-08-29T00:00:00.000Z",
    "contest_prize_txt": "",
    "contest_link": "https://github.com/spearbit/portfolio/blob/master/pdfs/Astera-Spearbit-Security-Review-December-2024.pdf",
    "sponsor_name": null,
    "sponsor_link": "",
    "quality_score": 0,
    "general_score": 0,
    "source_link": "https://github.com/spearbit/portfolio/blob/master/pdfs/Astera-Spearbit-Security-Review-December-2024.pdf",
    "github_link": "",
    "pdf_link": "https://solodit-bucket.s3.amazonaws.com/storage/reports/spearbit/Astera-Spearbit-Security-Review-December-2024.pdf",
    "pdf_page_from": 33,
    "contest_id": "",
    "slug": "rewardscontroller-incorrect-tracking-the-minipools-after-updating-addressesprovider-spearbit-none-astera-pdf",
    "firm_name": "Spearbit",
    "firm_logo_square": "spearbit_square.png",
    "protocol_name": "Astera",
    "bookmarked": false,
    "read": false,
    "issues_issue_finders": [
        {
            "wardens_warden": {
                "handle": "Saw-mon and Natalie"
            }
        },
        {
            "wardens_warden": {
                "handle": "Cergyk"
            }
        },
        {
            "wardens_warden": {
                "handle": "Jonatas Martins"
            }
        }
    ],
    "auditfirms_auditfirm": {
        "name": "Spearbit",
        "logo_square": "spearbit_square.png"
    },
    "protocols_protocol": {
        "name": "Astera",
        "protocols_protocolcategoryscore": []
    },
    "issues_issuetagscore": []
}