{
    "id": 62270,
    "kind": "PDF",
    "auditfirm_id": 6,
    "impact": "LOW",
    "finders_count": 3,
    "protocol_id": 3395,
    "title": "LockToVotePluginSetup.prepareInstallation returns permissions that will make the plugin instal-",
    "content": "## Installation Process Reversion Issue\n\n**Severity:** Low Risk  \n**Context:** (No context files were provided by the reviewer)  \n\n## Description\nThe current implementation of `LockToVotePluginSetup.prepareInstallation` will include in the list of permissions to be granted during the installation of the plugin the following permission:\n\n```javascript\n// createProposalCaller (possibly ANY_ADDR) can create proposals on the plugin\npermissions[5] = PermissionLib.MultiTargetPermission({\n    operation: PermissionLib.Operation.Grant,\n    where: plugin,\n    who: installationParams.createProposalCaller,\n    condition: minVotingPowerCondition,\n    permissionId: impl.CREATE_PROPOSAL_PERMISSION_ID()\n});\n```\n\nThe installation process will revert with the error `GrantWithConditionNotSupported` because the permission is using the operation `Grant` and not `GrantWithCondition`, but it has a non-empty condition.\n\n## Recommendation\nAragon should update the `prepareInstallation` function with the following change:\n\n```javascript\n// createProposalCaller (possibly ANY_ADDR) can create proposals on the plugin\npermissions[5] = PermissionLib.MultiTargetPermission({\n    - operation: PermissionLib.Operation.Grant,\n    + operation: PermissionLib.Operation.GrantWithCondition,\n    where: plugin,\n    who: installationParams.createProposalCaller,\n    condition: minVotingPowerCondition,\n    permissionId: impl.CREATE_PROPOSAL_PERMISSION_ID()\n});\n```\n\n**Aragon:** Fixed in PR 35  \n**Spearbit:** Fix verified.",
    "summary": "",
    "report_date": "2025-08-28T00:00:00.000Z",
    "contest_prize_txt": "",
    "contest_link": "https://github.com/spearbit/portfolio/blob/master/pdfs/Aragon-Spearbit-Security-Review-July-2025.pdf",
    "sponsor_name": null,
    "sponsor_link": "",
    "quality_score": 0,
    "general_score": 0,
    "source_link": "https://github.com/spearbit/portfolio/blob/master/pdfs/Aragon-Spearbit-Security-Review-July-2025.pdf",
    "github_link": "",
    "pdf_link": "https://solodit-bucket.s3.amazonaws.com/storage/reports/spearbit/Aragon-Spearbit-Security-Review-July-2025.pdf",
    "pdf_page_from": 20,
    "contest_id": "",
    "slug": "locktovotepluginsetupprepareinstallation-returns-permissions-that-will-make-the-plugin-instal-spearbit-none-aragon-dao-gov-plugin-pdf",
    "firm_name": "Spearbit",
    "firm_logo_square": "spearbit_square.png",
    "protocol_name": "Aragon DAO Gov Plugin",
    "bookmarked": false,
    "read": false,
    "issues_issue_finders": [
        {
            "wardens_warden": {
                "handle": "Om Parikh"
            }
        },
        {
            "wardens_warden": {
                "handle": "Emanuelle Ricci"
            }
        },
        {
            "wardens_warden": {
                "handle": "Patrick Drotleff"
            }
        }
    ],
    "auditfirms_auditfirm": {
        "name": "Spearbit",
        "logo_square": "spearbit_square.png"
    },
    "protocols_protocol": {
        "name": "Aragon DAO Gov Plugin",
        "protocols_protocolcategoryscore": []
    },
    "issues_issuetagscore": []
}