{
    "id": 62188,
    "kind": "MARKDOWN",
    "auditfirm_id": 16,
    "impact": "LOW",
    "finders_count": 1,
    "protocol_id": 2031,
    "title": "[L-01] Missing upper limit validation",
    "content": "\n_Resolved_\n\n\r\nThe `setUpperBoundPercentage` and `setLowerBoundPercentage` functions in `RlpPriceStorage` contract lack validation to ensure bound percentages don't exceed the `BOUND_PERCENTAGE_DENOMINATOR` (1e18). \r\n\r\nEspecially if `lowerBoundPercentage` > `BOUND_PERCENTAGE_DENOMINATOR`, the `setPrice` function will always revert because: `currentPrice` < `(currentPrice * lowerBoundPercentage / BOUND_PERCENTAGE_DENOMINATOR)`.\r\n\r\nIt's recommended to add validation to ensure bound percentages don't exceed `BOUND_PERCENTAGE_DENOMINATOR`. Otherwise, setPrice() will revert due to underflow in the lower bound percentage calculation. This would prevent the SERVICE_ROLE from updating the prices in a timely manner, leading to possible stale prices.\n\n\n\n",
    "summary": "",
    "report_date": "2025-08-27T00:00:00.000Z",
    "contest_prize_txt": "",
    "contest_link": "",
    "sponsor_name": null,
    "sponsor_link": "",
    "quality_score": 0,
    "general_score": 0,
    "source_link": "https://github.com/pashov/audits/blob/master/team/md/Resolv-security-review_2024-12-09.md",
    "github_link": "",
    "pdf_link": "",
    "pdf_page_from": 0,
    "contest_id": "",
    "slug": "l-01-missing-upper-limit-validation-pashov-audit-group-none-resolv_2024-12-09-markdown_",
    "firm_name": "Pashov Audit Group",
    "firm_logo_square": "Pashov_square.png",
    "protocol_name": "Resolv_2024-12-09",
    "bookmarked": false,
    "read": false,
    "issues_issue_finders": [
        {
            "wardens_warden": {
                "handle": "Pashov Audit Group"
            }
        }
    ],
    "auditfirms_auditfirm": {
        "name": "Pashov Audit Group",
        "logo_square": "Pashov_square.png"
    },
    "protocols_protocol": {
        "name": "Resolv_2024-12-09",
        "protocols_protocolcategoryscore": []
    },
    "issues_issuetagscore": []
}