{
    "id": 62055,
    "kind": "MARKDOWN",
    "auditfirm_id": 7,
    "impact": "LOW",
    "finders_count": 1,
    "protocol_id": 3377,
    "title": "Currencies Do Not Accept a Bond By Default",
    "content": "The [`ManagedOptimisticOracleV2`](https://github.com/UMAprotocol/managed-oracle/blob/fc03083eca91c880efa8918c6d9532af9362f00d/src/optimistic-oracle-v2/implementation/ManagedOptimisticOracleV2.sol) contract introduces per-currency maximum bond amounts that are stored in the [`maximumBonds` mapping](https://github.com/UMAprotocol/managed-oracle/blob/fc03083eca91c880efa8918c6d9532af9362f00d/src/optimistic-oracle-v2/implementation/ManagedOptimisticOracleV2.sol#L107). These limits can be set either during initialization by the [contract initializer](https://github.com/UMAprotocol/managed-oracle/blob/fc03083eca91c880efa8918c6d9532af9362f00d/src/optimistic-oracle-v2/implementation/ManagedOptimisticOracleV2.sol#L132) or later by an [authorized admin](https://github.com/UMAprotocol/managed-oracle/blob/fc03083eca91c880efa8918c6d9532af9362f00d/src/optimistic-oracle-v2/implementation/ManagedOptimisticOracleV2.sol#L198C4-L200C6). If no maximum bond is explicitly set for a given currency, the mapping returns its default value of zero. As a result, any non-zero bond passed to the contract will fail validation via the [`_validateBond()`](https://github.com/UMAprotocol/managed-oracle/blob/fc03083eca91c880efa8918c6d9532af9362f00d/src/optimistic-oracle-v2/implementation/ManagedOptimisticOracleV2.sol#L474C5-L476C6) function, effectively preventing the usage of that currency until configured.\n\nIf this behavior is intentional, consider clearly documenting it in both the code and user-facing documentation. Alternatively, instead of defaulting to rejection, consider changing the logic such that currencies with unset maximum bond values have no enforced limit.\n\n***Update:** Resolved in [pull request #22](https://github.com/UMAprotocol/managed-oracle/pull/22) at commit [ab33c3e](https://github.com/UMAprotocol/managed-oracle/pull/22/commits/ab33c3eed39c0f9dcf40ef1c595cddb11975080a). The UMA team added two comments to clarify the default rejection of a currency when no bond range is configured.*",
    "summary": "",
    "report_date": "2025-08-26T00:00:00.000Z",
    "contest_prize_txt": "",
    "contest_link": "",
    "sponsor_name": null,
    "sponsor_link": "",
    "quality_score": 0,
    "general_score": 0,
    "source_link": "https://blog.openzeppelin.com/managed-optimistic-oracle-audit",
    "github_link": "",
    "pdf_link": "",
    "pdf_page_from": 0,
    "contest_id": "",
    "slug": "currencies-do-not-accept-a-bond-by-default-openzeppelin-none-managed-optimistic-oracle-audit-markdown",
    "firm_name": "OpenZeppelin",
    "firm_logo_square": "openzeppelin_square.png",
    "protocol_name": "Managed Optimistic Oracle Audit",
    "bookmarked": false,
    "read": false,
    "issues_issue_finders": [
        {
            "wardens_warden": {
                "handle": "OpenZeppelin"
            }
        }
    ],
    "auditfirms_auditfirm": {
        "name": "OpenZeppelin",
        "logo_square": "openzeppelin_square.png"
    },
    "protocols_protocol": {
        "name": "Managed Optimistic Oracle Audit",
        "protocols_protocolcategoryscore": []
    },
    "issues_issuetagscore": []
}