{
    "id": 62389,
    "kind": "MARKDOWN",
    "auditfirm_id": 34,
    "impact": "LOW",
    "finders_count": 1,
    "protocol_id": 1408,
    "title": "[FNG-14] Function should be marked external",
    "content": "**Severity:** Informational\n\n**Path:** CErc721.sol:borrowAndInterestBalanceStored#L715-L717\n\n**Description:** The function `borrowAndInterestBalanceStored` is never called internally, therefore, there is no reason for it to be `public` instead of `external`.\n```\n    function borrowAndInterestBalanceStored(address account) public view returns (uint, uint) {\n        return borrowAndInterestBalanceStoredInternal(account);\n    }\n```\n\n**Remediation:**  We recommend changing it’s access modifier to `external` in favour of code and gas optimisation.\n\n**Status:** Fixed\n\n- - -",
    "summary": "",
    "report_date": "2023-11-06T00:00:00.000Z",
    "contest_prize_txt": "",
    "contest_link": "",
    "sponsor_name": null,
    "sponsor_link": "",
    "quality_score": 0,
    "general_score": 0,
    "source_link": "https://github.com/solodit/solodit_content/blob/main/reports/Hexens/2023-11-06-Fungify.md",
    "github_link": "",
    "pdf_link": "",
    "pdf_page_from": 0,
    "contest_id": "",
    "slug": "fng-14-function-should-be-marked-external-hexens-none-fungify-markdown",
    "firm_name": "Hexens",
    "firm_logo_square": "Hexens_square.png",
    "protocol_name": "Fungify",
    "bookmarked": false,
    "read": false,
    "issues_issue_finders": [
        {
            "wardens_warden": {
                "handle": "Hexens"
            }
        }
    ],
    "auditfirms_auditfirm": {
        "name": "Hexens",
        "logo_square": "Hexens_square.png"
    },
    "protocols_protocol": {
        "name": "Fungify",
        "protocols_protocolcategoryscore": []
    },
    "issues_issuetagscore": []
}