{
    "id": 62213,
    "kind": "MARKDOWN",
    "auditfirm_id": 11,
    "impact": "LOW",
    "finders_count": 2,
    "protocol_id": 3392,
    "title": "Remove obsolete `return` statements when using named return variables",
    "content": "**Description:** Remove obsolete `return` statements when using named return variables:\n* `StakingVault::_withdrawTo, redeemTo`\n\n**Syntetika:**\nFixed in commit [bd4bb12](https://github.com/SyntetikaLabs/monorepo/commit/bd4bb1222c2112bd33d02757872831d7f713dcdc).\n\n**Cyfrin:** Verified.",
    "summary": "",
    "report_date": "2025-08-01T00:00:00.000Z",
    "contest_prize_txt": "",
    "contest_link": "",
    "sponsor_name": null,
    "sponsor_link": "",
    "quality_score": 0,
    "general_score": 0,
    "source_link": "https://github.com/solodit/solodit_content/blob/main/reports/Cyfrin/2025-08-01-cyfrin-syntetika-v2.0.md",
    "github_link": "",
    "pdf_link": "",
    "pdf_page_from": 0,
    "contest_id": "",
    "slug": "remove-obsolete-return-statements-when-using-named-return-variables-cyfrin-none-syntetika-markdown",
    "firm_name": "Cyfrin",
    "firm_logo_square": "Cyfrin_square.jpg",
    "protocol_name": "Syntetika",
    "bookmarked": false,
    "read": false,
    "issues_issue_finders": [
        {
            "wardens_warden": {
                "handle": "Dacian"
            }
        },
        {
            "wardens_warden": {
                "handle": "Jorge"
            }
        }
    ],
    "auditfirms_auditfirm": {
        "name": "Cyfrin",
        "logo_square": "Cyfrin_square.jpg"
    },
    "protocols_protocol": {
        "name": "Syntetika",
        "protocols_protocolcategoryscore": []
    },
    "issues_issuetagscore": []
}