{
    "id": 62475,
    "kind": "MARKDOWN",
    "auditfirm_id": 16,
    "impact": "LOW",
    "finders_count": 1,
    "protocol_id": 3413,
    "title": "[L-02] Some assets may be locked in the contract if treasury is address(0)",
    "content": "\n_Resolved_\n\nWhen we end one round, we will calculate the fee. And based on current logic, we will transfer the treasury fee to the treasury address if the treasury address is not address(0). \n\nThe problem here is that if the treasury address is address(0), we will not transfer the treasury fee, and when users claim rewards, this part of fees will still be deducted from the rewards. So this part of the assets will be locked.\n```solidity\n    function endRound(uint256 marketId) external onlyOwner {\n        ...\n        // Calculate and transfer 5% fee to treasury\n        // total predict asset for this round.\n        uint256 totalPool = predictions[marketId][roundId].length * PREDICTION_FEE;\n        // treasury fee.\n        uint256 fee = (totalPool * 5) / 100;\n\n        if (fee > 0 && treasury != address(0)) {\n            // the token will always be USDC.\n            IERC20(markets[marketId].token).transfer(treasury, fee);\n            emit FeeTransferred(marketId, roundId, treasury, fee);\n        }\n        emit RoundEnded(marketId, roundId, price, totalPool, fee);\n    }\n```\n\nRecommendation: Here we have one assumption that the `treasury` should not be address(0). Suggest adding one security check to make sure that `treasury` is not address(0).\n\n\n\n",
    "summary": "",
    "report_date": "2025-09-04T00:00:00.000Z",
    "contest_prize_txt": "",
    "contest_link": "",
    "sponsor_name": null,
    "sponsor_link": "",
    "quality_score": 0,
    "general_score": 0,
    "source_link": "https://github.com/pashov/audits/blob/master/team/md/MCP-security-review_2025-08-07.md",
    "github_link": "",
    "pdf_link": "",
    "pdf_page_from": 0,
    "contest_id": "",
    "slug": "l-02-some-assets-may-be-locked-in-the-contract-if-treasury-is-address0-pashov-audit-group-none-mcp_2025-08-07-markdown",
    "firm_name": "Pashov Audit Group",
    "firm_logo_square": "Pashov_square.png",
    "protocol_name": "MCP_2025-08-07",
    "bookmarked": false,
    "read": false,
    "issues_issue_finders": [
        {
            "wardens_warden": {
                "handle": "Pashov Audit Group"
            }
        }
    ],
    "auditfirms_auditfirm": {
        "name": "Pashov Audit Group",
        "logo_square": "Pashov_square.png"
    },
    "protocols_protocol": {
        "name": "MCP_2025-08-07",
        "protocols_protocolcategoryscore": [
            {
                "protocols_protocolcategory": {
                    "title": "NFT Lending"
                },
                "score": 0.5
            },
            {
                "protocols_protocolcategory": {
                    "title": "RWA"
                },
                "score": 0.5
            },
            {
                "protocols_protocolcategory": {
                    "title": "RWA Lending"
                },
                "score": 0.5
            },
            {
                "protocols_protocolcategory": {
                    "title": "Staking Pool"
                },
                "score": 0.5
            }
        ]
    },
    "issues_issuetagscore": []
}