{
    "id": 62311,
    "kind": "PDF",
    "auditfirm_id": 6,
    "impact": "LOW",
    "finders_count": 3,
    "protocol_id": 3396,
    "title": "getAssetPrice assumes that the quote token decimals and oracle precisions match",
    "content": "## Severity: Low Risk\n\n## Context\n**File:** Oracle.sol  \n**Lines:** L147-L148  \n\n## Description\nIn this context we have the following line of code:\n\n```solidity\n(uint80 roundId, int256 price, uint256 startedAt, uint256 timestamp,) = IChainlinkAggregator(source).latestRoundData();\n```\n\nIt is important to note that the quote currency's decimals and the oracle precision might not be equal in general. Although in the case of ETH, all X / ETH oracles have an 18 precision according to the documentation. \n\nIn general, we have:\n\n- \\( \\text{price} = [Q] = 10^{dQ} \\)\n- \\( [B] = 10^{dB} \\)\n-  \\( 10^{dO} \\)\n\nWhen the quote's currency decimals equal the oracle precision, this formula simplifies to:\n\n- \\( \\text{price} = [Q] \\)\n- \\( [B] = 10^{dB} \\)\n\nThis is the assumption used in this codebase.\n\n## Recommendation\nEither document the above or use the more general formula throughout the codebase.\n\n## Astera\nGovernance is responsible for ensuring that all Oracle aggregators return the correct number of decimals. A documentation item has been added.\n\n## Spearbit\nAcknowledged.",
    "summary": "",
    "report_date": "2025-08-29T00:00:00.000Z",
    "contest_prize_txt": "",
    "contest_link": "https://github.com/spearbit/portfolio/blob/master/pdfs/Astera-Spearbit-Security-Review-December-2024.pdf",
    "sponsor_name": null,
    "sponsor_link": "",
    "quality_score": 0,
    "general_score": 0,
    "source_link": "https://github.com/spearbit/portfolio/blob/master/pdfs/Astera-Spearbit-Security-Review-December-2024.pdf",
    "github_link": "",
    "pdf_link": "https://solodit-bucket.s3.amazonaws.com/storage/reports/spearbit/Astera-Spearbit-Security-Review-December-2024.pdf",
    "pdf_page_from": 37,
    "contest_id": "",
    "slug": "getassetprice-assumes-that-the-quote-token-decimals-and-oracle-precisions-match-spearbit-none-astera-pdf",
    "firm_name": "Spearbit",
    "firm_logo_square": "spearbit_square.png",
    "protocol_name": "Astera",
    "bookmarked": false,
    "read": false,
    "issues_issue_finders": [
        {
            "wardens_warden": {
                "handle": "Saw-mon and Natalie"
            }
        },
        {
            "wardens_warden": {
                "handle": "Cergyk"
            }
        },
        {
            "wardens_warden": {
                "handle": "Jonatas Martins"
            }
        }
    ],
    "auditfirms_auditfirm": {
        "name": "Spearbit",
        "logo_square": "spearbit_square.png"
    },
    "protocols_protocol": {
        "name": "Astera",
        "protocols_protocolcategoryscore": []
    },
    "issues_issuetagscore": []
}