{
    "id": 62316,
    "kind": "MARKDOWN",
    "auditfirm_id": 30,
    "impact": "LOW",
    "finders_count": 1,
    "protocol_id": 3397,
    "title": "[L-01] Incorrect Price Emission In Batch Mint",
    "content": "\n## Severity\n\nLow Risk\n\n## Description\n\nIn `_mintCardWithId()`, the CardMinted event emits `msg.value` for each token, even though the value corresponds to the entire batch. This makes event logs misleading, as every card appears to have been purchased for the full batch price.\n\n## Location of Affected Code\n\nFile: [contracts/BeetleCards.sol#L141](https://github.com/rshtirmer/BeetleGame-Contracts/blob/4ab13a82a1f9b7228d5c0ad3a085518a60459036/contracts/BeetleCards.sol#L141)\n\n```solidity\nfunction _mintCardWithId(address _to, uint256 _tokenId, uint256 _cardTypeId) internal {\n  cardTypeIds[_tokenId] = _cardTypeId;\n\n  _mint(_to, _tokenId);\n\n@> emit CardMinted(_to, _tokenId, _cardTypeId, msg.value);\n}\n```\n\n## Impact\n\nAnalytics, off-chain services, or revenue tracking relying on events will misreport actual purchase prices, causing accounting discrepancies.\n\n## Recommendation\n\nDivide the total price by the number of tokens and emit the correct per-card price.\n\n## Team Response\n\nFixed.\n\n",
    "summary": "",
    "report_date": "2025-08-30T00:00:00.000Z",
    "contest_prize_txt": "",
    "contest_link": "",
    "sponsor_name": null,
    "sponsor_link": "",
    "quality_score": 0,
    "general_score": 0,
    "source_link": "https://github.com/shieldify-security/audits-portfolio-md/blob/main/Beetle-Security-Review.md",
    "github_link": "",
    "pdf_link": "",
    "pdf_page_from": 0,
    "contest_id": "",
    "slug": "l-01-incorrect-price-emission-in-batch-mint-shieldify-none-beetle-markdown",
    "firm_name": "Shieldify",
    "firm_logo_square": "Shieldify_square.png",
    "protocol_name": "Beetle",
    "bookmarked": false,
    "read": false,
    "issues_issue_finders": [
        {
            "wardens_warden": {
                "handle": "Shieldify Security"
            }
        }
    ],
    "auditfirms_auditfirm": {
        "name": "Shieldify",
        "logo_square": "Shieldify_square.png"
    },
    "protocols_protocol": {
        "name": "Beetle",
        "protocols_protocolcategoryscore": []
    },
    "issues_issuetagscore": []
}