{
    "id": 62083,
    "kind": "GIT",
    "auditfirm_id": 2,
    "impact": "LOW",
    "finders_count": 0,
    "protocol_id": 2159,
    "title": "[03] Auctions cannot be created with 200 USDC interest value",
    "content": "\n<https://github.com/code-423n4/2025-02-blend/blob/f23b3260763488f365ef6a95bfb139c95b0ed0f9/blend-contracts-v2/pool/src/auctions/backstop_interest_auction.rs# L63-L67>\n\n### Finding description and impact\n\n`create_interest_auction_data` intends that interest value is at least 200 USDC; i.e., 200 USDC or more. However, due to the `<=` operator in use, the function reverts if `interest_value` is 200.\n```\n\n    // Ensure that the interest value is at least 200 USDC\n    if interest_value <= (200 * 10i128.pow(pool.load_price_decimals(e))) {\n        panic_with_error!(e, PoolError::InterestTooSmall);\n    }\n```\n\n### Recommended mitigation steps\n\nChange the operator to `<`.\n\n**Comments from the Script3 team:**\n\n> This was addressed [here](https://github.com/blend-capital/blend-contracts-v2/commit/f0296cf283ede61707c34c6af6508320cb6de3ca) to make lp token valuation pool independent for auction creation.\n\n---\n\n",
    "summary": "",
    "report_date": "2025-08-13T00:00:00.000Z",
    "contest_prize_txt": "125000",
    "contest_link": "https://code4rena.com/reports/2025-02-blend-v2-audit-certora-formal-verification",
    "sponsor_name": "Blend",
    "sponsor_link": "",
    "quality_score": 0,
    "general_score": 0,
    "source_link": "https://code4rena.com/reports/2025-02-blend-v2-audit-certora-formal-verification",
    "github_link": "",
    "pdf_link": "",
    "pdf_page_from": 0,
    "contest_id": "492",
    "slug": "03-auctions-cannot-be-created-with-200-usdc-interest-value-code4rena-blend-blend-git",
    "firm_name": "Code4rena",
    "firm_logo_square": "code4rena_square.png",
    "protocol_name": "Blend",
    "bookmarked": false,
    "read": false,
    "auditfirms_auditfirm": {
        "name": "Code4rena",
        "logo_square": "code4rena_square.png"
    },
    "protocols_protocol": {
        "name": "Blend",
        "protocols_protocolcategoryscore": []
    },
    "issues_issuetagscore": []
}