{
    "id": 62050,
    "kind": "MARKDOWN",
    "auditfirm_id": 37,
    "impact": "LOW",
    "finders_count": 4,
    "protocol_id": 3368,
    "title": "Redundant Inheritance of `OwnableUpgradeable`",
    "content": "**Update**\nMarked as \"Fixed\" by the client. Addressed in: `1b2dc63`.\n\n![Image 86: Alert icon](https://certificate.quantstamp.com/full/sapien/ffb7e698-6178-46f0-8df8-52e537af70c0/static/media/success-icon-alert.4e26c8d3b65fdf9f4f0789a4086052ba.svg)\n\n**Update**\nMarked as \"Fixed\" by the client. Addressed in: `6e709c1891cad3620aa7f64e2d29b60ba159aa6f`. The client provided the following explanation:\n\n> Inheritance of OwnableUpgradeable removed.\n\n![Image 87: Alert icon](https://certificate.quantstamp.com/full/sapien/ffb7e698-6178-46f0-8df8-52e537af70c0/static/media/success-icon-alert.4e26c8d3b65fdf9f4f0789a4086052ba.svg)\n\n**Update**\nMarked as \"Fixed\" by the client. Addressed in: `6e709c1891cad3620aa7f64e2d29b60ba159aa6f`. The client provided the following explanation:\n\n> Inheritance of OwnableUpgradeable removed.\n\n**File(s) affected:**`SapTestToken.sol`\n\n**Description:** The `SapTestToken` contract inherits from `OwnableUpgradeable` but makes no use of its functionality.\n\n**Recommendation:** Consider removing the inheritance from `OwnableUpgradeable` if there are no plans to use its functionality in the codebase.",
    "summary": "",
    "report_date": "2025-03-30T00:00:00.000Z",
    "contest_prize_txt": "",
    "contest_link": "https://certificate.quantstamp.com/full/sapien/ffb7e698-6178-46f0-8df8-52e537af70c0/index.html",
    "sponsor_name": "",
    "sponsor_link": "",
    "quality_score": 0,
    "general_score": 0,
    "source_link": "https://certificate.quantstamp.com/full/sapien/ffb7e698-6178-46f0-8df8-52e537af70c0/index.html",
    "github_link": "",
    "pdf_link": "",
    "pdf_page_from": 0,
    "contest_id": "",
    "slug": "redundant-inheritance-of-ownableupgradeable-quantstamp-sapien-markdown",
    "firm_name": "Quantstamp",
    "firm_logo_square": "quantstamp_square.png",
    "protocol_name": "Sapien",
    "bookmarked": false,
    "read": false,
    "issues_issue_finders": [
        {
            "wardens_warden": {
                "handle": "Paul Clemson"
            }
        },
        {
            "wardens_warden": {
                "handle": "Julio Aguilar"
            }
        },
        {
            "wardens_warden": {
                "handle": "Mostafa Yassin"
            }
        },
        {
            "wardens_warden": {
                "handle": "Tim Sigl"
            }
        }
    ],
    "auditfirms_auditfirm": {
        "name": "Quantstamp",
        "logo_square": "quantstamp_square.png"
    },
    "protocols_protocol": {
        "name": "Sapien",
        "protocols_protocolcategoryscore": []
    },
    "issues_issuetagscore": []
}