{
    "id": 62309,
    "kind": "PDF",
    "auditfirm_id": 6,
    "impact": "LOW",
    "finders_count": 3,
    "protocol_id": 3396,
    "title": "Make sure vars.amountReceived is at least amount - vars.availableLiquidity",
    "content": "## Severity: Low Risk\n\n## Context\nMiniPool.sol#L233\n\n## Description/Recommendation\nA check can be added in this context to make sure `vars.amountReceived` is at least `amount - vars.availableLiquidity` not because of a rounding issue, but because future implementations might not guarantee certain assumptions. It is best to check this invariant here.\n\n## Astera\n`assert(vars.amountReceived >= amount - vars.availableLiquidity);` has been added in commit 1eb7b435.\n\n## Spearbit\nFix verified.",
    "summary": "",
    "report_date": "2025-08-29T00:00:00.000Z",
    "contest_prize_txt": "",
    "contest_link": "https://github.com/spearbit/portfolio/blob/master/pdfs/Astera-Spearbit-Security-Review-December-2024.pdf",
    "sponsor_name": null,
    "sponsor_link": "",
    "quality_score": 0,
    "general_score": 0,
    "source_link": "https://github.com/spearbit/portfolio/blob/master/pdfs/Astera-Spearbit-Security-Review-December-2024.pdf",
    "github_link": "",
    "pdf_link": "https://solodit-bucket.s3.amazonaws.com/storage/reports/spearbit/Astera-Spearbit-Security-Review-December-2024.pdf",
    "pdf_page_from": 37,
    "contest_id": "",
    "slug": "make-sure-varsamountreceived-is-at-least-amount-varsavailableliquidity-spearbit-none-astera-pdf",
    "firm_name": "Spearbit",
    "firm_logo_square": "spearbit_square.png",
    "protocol_name": "Astera",
    "bookmarked": false,
    "read": false,
    "issues_issue_finders": [
        {
            "wardens_warden": {
                "handle": "Saw-mon and Natalie"
            }
        },
        {
            "wardens_warden": {
                "handle": "Cergyk"
            }
        },
        {
            "wardens_warden": {
                "handle": "Jonatas Martins"
            }
        }
    ],
    "auditfirms_auditfirm": {
        "name": "Spearbit",
        "logo_square": "spearbit_square.png"
    },
    "protocols_protocol": {
        "name": "Astera",
        "protocols_protocolcategoryscore": []
    },
    "issues_issuetagscore": []
}