{
    "id": 62240,
    "kind": "MARKDOWN",
    "auditfirm_id": 11,
    "impact": "LOW",
    "finders_count": 2,
    "protocol_id": 3393,
    "title": "Add an identifier or descriptor to `PriceStorage` which indicates what token or other entity is being priced",
    "content": "**Description:** The `PriceStorage` contract contains no identifier or descriptor that would readily indicate what is being priced.\n\nConsider adding an identifier or a descriptor such as a string that has the name of the token or entity being priced.\n\n**Avant:**\nAcknowledged: Avant will consider adding token identifiers in future `PriceStorage` deployments.\n\n\\clearpage",
    "summary": "",
    "report_date": "2025-08-28T00:00:00.000Z",
    "contest_prize_txt": "",
    "contest_link": "",
    "sponsor_name": null,
    "sponsor_link": "",
    "quality_score": 0,
    "general_score": 0,
    "source_link": "https://github.com/solodit/solodit_content/blob/main/reports/Cyfrin/2025-08-28-cyfrin-avant-max-v2.0.md",
    "github_link": "",
    "pdf_link": "",
    "pdf_page_from": 0,
    "contest_id": "",
    "slug": "add-an-identifier-or-descriptor-to-pricestorage-which-indicates-what-token-or-other-entity-is-being-priced-cyfrin-none-avant-max-markdown",
    "firm_name": "Cyfrin",
    "firm_logo_square": "Cyfrin_square.jpg",
    "protocol_name": "Avant Max",
    "bookmarked": false,
    "read": false,
    "issues_issue_finders": [
        {
            "wardens_warden": {
                "handle": "Dacian"
            }
        },
        {
            "wardens_warden": {
                "handle": "Jorge"
            }
        }
    ],
    "auditfirms_auditfirm": {
        "name": "Cyfrin",
        "logo_square": "Cyfrin_square.jpg"
    },
    "protocols_protocol": {
        "name": "Avant Max",
        "protocols_protocolcategoryscore": []
    },
    "issues_issuetagscore": []
}