{
    "id": 62031,
    "kind": "MARKDOWN",
    "auditfirm_id": 37,
    "impact": "LOW",
    "finders_count": 3,
    "protocol_id": 3367,
    "title": "Contracts Could End up without an Admin if Deployer Is Also the Admin",
    "content": "**Update**\nMarked as \"Fixed\" by the client. Addressed in: `7ce34d478bb85fc43161e1af537aeb65f6927000`.\n\n**File(s) affected:**`SapienVault.sol`, `SapienRewards.sol`\n\n**Description:** In both `SapienVault` and `SapienRewards`, the `initialize()` function grants the `DEFAULT_ADMIN_ROLE` to the specified `admin` address and then unconditionally revokes the same role from `msg.sender`. If the deployer and the admin are the **same address**, this logic leads to a scenario where **no account holds the `DEFAULT_ADMIN_ROLE`**, effectively rendering the contract **administratively locked** and unmanageable.\n\n**Recommendation:** Update `initialize()` in both `SapienVault` and `SapienRewards` to match the logic used in `SapienQA`, ensuring that the admin role is only revoked from the deployer if it differs from the admin:\n\n```\nif (msg.sender != admin) {\n    _revokeRole(DEFAULT_ADMIN_ROLE, msg.sender);\n}\n```",
    "summary": "",
    "report_date": "2025-07-02T00:00:00.000Z",
    "contest_prize_txt": "",
    "contest_link": "https://certificate.quantstamp.com/full/sapien-2/9f938662-5bf7-4dc3-8774-3e7a12204cc3/index.html",
    "sponsor_name": "",
    "sponsor_link": "",
    "quality_score": 0,
    "general_score": 0,
    "source_link": "https://certificate.quantstamp.com/full/sapien-2/9f938662-5bf7-4dc3-8774-3e7a12204cc3/index.html",
    "github_link": "",
    "pdf_link": "",
    "pdf_page_from": 0,
    "contest_id": "",
    "slug": "contracts-could-end-up-without-an-admin-if-deployer-is-also-the-admin-quantstamp-sapien-2-markdown",
    "firm_name": "Quantstamp",
    "firm_logo_square": "quantstamp_square.png",
    "protocol_name": "Sapien - 2",
    "bookmarked": false,
    "read": false,
    "issues_issue_finders": [
        {
            "wardens_warden": {
                "handle": "Paul Clemson"
            }
        },
        {
            "wardens_warden": {
                "handle": "Julio Aguilar"
            }
        },
        {
            "wardens_warden": {
                "handle": "Tim Sigl"
            }
        }
    ],
    "auditfirms_auditfirm": {
        "name": "Quantstamp",
        "logo_square": "quantstamp_square.png"
    },
    "protocols_protocol": {
        "name": "Sapien - 2",
        "protocols_protocolcategoryscore": []
    },
    "issues_issuetagscore": []
}