{
    "id": 62087,
    "kind": "GIT",
    "auditfirm_id": 2,
    "impact": "LOW",
    "finders_count": 0,
    "protocol_id": 2159,
    "title": "[10] No function to get already set name",
    "content": "\n<https://github.com/code-423n4/2025-02-blend/blob/f23b3260763488f365ef6a95bfb139c95b0ed0f9/blend-contracts-v2/pool/src/storage.rs# L230-L234>\n\n### Finding description and impact\n\nContract allows setting pool names, but there is no equivalent function to get them. Integrators may not be able to query the name of a pool if needed.\n```\n\npub fn set_name(e: &Env, name: &String) {\n    e.storage()\n        .instance()\n        .set::<Symbol, String>(&Symbol::new(e, NAME_KEY), name);\n}\n```\n\n### Recommended mitigation steps\n\nAdd a function to return pool name.\n\n---\n\n",
    "summary": "",
    "report_date": "2025-08-13T00:00:00.000Z",
    "contest_prize_txt": "125000",
    "contest_link": "https://code4rena.com/reports/2025-02-blend-v2-audit-certora-formal-verification",
    "sponsor_name": "Blend",
    "sponsor_link": "",
    "quality_score": 0,
    "general_score": 0,
    "source_link": "https://code4rena.com/reports/2025-02-blend-v2-audit-certora-formal-verification",
    "github_link": "",
    "pdf_link": "",
    "pdf_page_from": 0,
    "contest_id": "492",
    "slug": "10-no-function-to-get-already-set-name-code4rena-blend-blend-git",
    "firm_name": "Code4rena",
    "firm_logo_square": "code4rena_square.png",
    "protocol_name": "Blend",
    "bookmarked": false,
    "read": false,
    "auditfirms_auditfirm": {
        "name": "Code4rena",
        "logo_square": "code4rena_square.png"
    },
    "protocols_protocol": {
        "name": "Blend",
        "protocols_protocolcategoryscore": []
    },
    "issues_issuetagscore": []
}