{
    "id": 62219,
    "kind": "MARKDOWN",
    "auditfirm_id": 11,
    "impact": "LOW",
    "finders_count": 2,
    "protocol_id": 3392,
    "title": "Revert if `StakingVault::deposit, mint, redeem, withdraw` would return zero",
    "content": "**Description:** A common tactic of vault exploits is that the vault is manipulated such that:\n* `deposit` returns 0 shares (user makes a deposit but gets no shares, effectively donating to the vault)\n* `mint` returns 0 assets (user gets shares without depositing assets)\n* `redeem` returns 0 assets (user burned their shares but got no assets)\n* `withdraw` returns 0 shares (user withdrew assets without burning shares)\n\nThere is no legitimate user transaction which should succeed under any of the above conditions; to deny attackers these attack paths, revert if `StakingVault::deposit, mint, redeem, withdraw` would return 0.\n\n**Syntetika:**\nFixed in commit [2e72a57](https://github.com/SyntetikaLabs/monorepo/commit/2e72a57bf8463c7a41d5b4e1c030cf1263507d2f).\n\n**Cyfrin:** Verified.",
    "summary": "",
    "report_date": "2025-08-01T00:00:00.000Z",
    "contest_prize_txt": "",
    "contest_link": "",
    "sponsor_name": null,
    "sponsor_link": "",
    "quality_score": 0,
    "general_score": 0,
    "source_link": "https://github.com/solodit/solodit_content/blob/main/reports/Cyfrin/2025-08-01-cyfrin-syntetika-v2.0.md",
    "github_link": "",
    "pdf_link": "",
    "pdf_page_from": 0,
    "contest_id": "",
    "slug": "revert-if-stakingvaultdeposit-mint-redeem-withdraw-would-return-zero-cyfrin-none-syntetika-markdown",
    "firm_name": "Cyfrin",
    "firm_logo_square": "Cyfrin_square.jpg",
    "protocol_name": "Syntetika",
    "bookmarked": false,
    "read": false,
    "issues_issue_finders": [
        {
            "wardens_warden": {
                "handle": "Dacian"
            }
        },
        {
            "wardens_warden": {
                "handle": "Jorge"
            }
        }
    ],
    "auditfirms_auditfirm": {
        "name": "Cyfrin",
        "logo_square": "Cyfrin_square.jpg"
    },
    "protocols_protocol": {
        "name": "Syntetika",
        "protocols_protocolcategoryscore": []
    },
    "issues_issuetagscore": []
}